{
  "device": "cuda",
  "noise": {
    "type": "additive_zero_mean_gaussian",
    "strength_definition": "standard deviation on normalized [0, 1] features",
    "clipping_range": [
      0.0,
      1.0
    ],
    "strengths": [
      0.0,
      0.05,
      0.1,
      0.15,
      0.2
    ],
    "repeats_per_nonzero_strength": 5,
    "seed": 2026
  },
  "validation_samples": 889,
  "validation_source_files": 12,
  "preprocessing_signature": "80093138f16f9a9f",
  "models": {
    "PVSCNet": {
      "mean_accuracy": [
        0.8706411698537683,
        0.8627671541057369,
        0.8186726659167605,
        0.6992125984251969,
        0.5167604049493815
      ],
      "std_accuracy": [
        0.0,
        0.007833739188517526,
        0.00772803781206645,
        0.004253694128501476,
        0.004811979670687861
      ],
      "trial_accuracies": [
        [
          0.8706411698537683
        ],
        [
          0.8627671541057368,
          0.859392575928009,
          0.8582677165354331,
          0.8571428571428571,
          0.876265466816648
        ],
        [
          0.829021372328459,
          0.8110236220472441,
          0.813273340832396,
          0.8245219347581553,
          0.8155230596175478
        ],
        [
          0.6996625421822272,
          0.7019122609673791,
          0.7007874015748031,
          0.7019122609673791,
          0.6917885264341957
        ],
        [
          0.5140607424071991,
          0.5118110236220472,
          0.515185601799775,
          0.5241844769403825,
          0.5185601799775028
        ]
      ]
    },
    "VesselCNN": {
      "mean_accuracy": [
        0.8233970753655793,
        0.7037120359955006,
        0.3262092238470191,
        0.1955005624296963,
        0.19460067491563554
      ],
      "std_accuracy": [
        0.0,
        0.002192754633252843,
        0.0038145837925338886,
        0.0014666372115191598,
        0.0
      ],
      "trial_accuracies": [
        [
          0.8233970753655793
        ],
        [
          0.703037120359955,
          0.7075365579302587,
          0.7019122609673791,
          0.703037120359955,
          0.703037120359955
        ],
        [
          0.32395950506186727,
          0.32733408323959506,
          0.3217097862767154,
          0.3262092238470191,
          0.33183352080989875
        ],
        [
          0.19572553430821146,
          0.19460067491563554,
          0.19460067491563554,
          0.19460067491563554,
          0.19797525309336333
        ],
        [
          0.19460067491563554,
          0.19460067491563554,
          0.19460067491563554,
          0.19460067491563554,
          0.19460067491563554
        ]
      ]
    },
    "DVSCNet": {
      "mean_accuracy": [
        0.8605174353205849,
        0.8416197975253092,
        0.6688413948256468,
        0.529583802024747,
        0.4524184476940382
      ],
      "std_accuracy": [
        0.0,
        0.0035033546687058175,
        0.005930900484348273,
        0.014739521557075107,
        0.00459680916573735
      ],
      "trial_accuracies": [
        [
          0.8605174353205849
        ],
        [
          0.843644544431946,
          0.8357705286839145,
          0.84251968503937,
          0.8413948256467941,
          0.8447694038245219
        ],
        [
          0.671541057367829,
          0.6636670416197975,
          0.6749156355455568,
          0.6614173228346457,
          0.672665916760405
        ],
        [
          0.5399325084364455,
          0.532058492688414,
          0.5466816647919011,
          0.5118110236220472,
          0.5174353205849269
        ],
        [
          0.453318335208099,
          0.44881889763779526,
          0.46006749156355453,
          0.4499437570303712,
          0.4499437570303712
        ]
      ]
    }
  }
}